Product_ID,Category,Price,Stock_Level,Sales_Volume,Customer_Age,Customer_Gender,Risk_Level
PRD0000,Sweater,28.74,351,43,62,Male,High
PRD0001,Dress,35.64,325,256,61,Female,Medium
PRD0002,Jacket,48.2,110,211,35,Male,Low
PRD0003,Dress,36.69,253,214,41,Female,Low
PRD0004,Dress,,499,119,64,Male,High
PRD0005,Jeans,53.49,21,229,57,Male,Low
PRD0006,Jacket,38.41,248,138,59,Male,Medium
PRD0007,Jacket,136.06,58,255,24,Male,Low
PRD0008,Jacket,25.83,51,223,37,Female,Low
PRD0009,Dress,,175,95,44,Female,Medium
PRD0010,Sweater,70.4,91,50,23,Other,Medium
PRD0011,Jacket,147.62,438,42,44,Male,High
PRD0012,Sneakers,30.13,300,146,26,Female,Medium
PRD0013,Dress,68.71,167,104,62,Female,Medium
PRD0014,Jeans,145.88,225,194,48,Female,Low
PRD0015,Sweater,131.84,499,39,38,Male,High
PRD0016,Sneakers,125.3,167,151,43,Other,Low
PRD0017,Sneakers,49.82,471,34,57,Female,High
PRD0018,Jeans,38.07,143,88,62,Male,Medium
PRD0019,Sweater,105.27,76,285,30,Female,Low
PRD0020,Dress,140.47,345,274,40,Female,Medium
PRD0021,T-Shirt,,16,158,37,Other,Low
PRD0022,Sweater,92.17,445,106,54,Female,High
PRD0023,Jeans,52.8,23,219,45,Female,Low
PRD0024,Sneakers,118.88,82,154,34,Male,Low
PRD0025,Dress,40.25,408,87,45,Male,High
PRD0026,Sweater,58.7,414,114,58,Other,High
PRD0027,T-Shirt,72.43,172,279,19,Male,Low
PRD0028,T-Shirt,83.53,75,205,42,Male,Low
PRD0029,Jacket,47.73,356,288,58,Other,Low
PRD0030,Jacket,30.5,139,177,23,Female,Low
PRD0031,Jeans,97.43,428,210,28,Other,Medium
PRD0032,Sweater,,475,67,55,Male,High
PRD0033,Sweater,93.47,215,77,23,Other,High
PRD0034,Sneakers,,285,255,62,Female,Low
PRD0035,Sneakers,79.95,475,128,28,Other,High
PRD0036,Sneakers,86.9,265,125,31,Male,Medium
PRD0037,Jacket,22.0,275,279,19,Male,Low
PRD0038,Sweater,60.44,34,124,57,Other,Low
PRD0039,nan,33.15,459,168,20,Female,High
PRD0040,T-Shirt,23.56,290,290,52,Other,Low
PRD0041,Jacket,148.64,262,269,50,Female,Low
PRD0042,Dress,58.52,319,165,41,Female,Medium
PRD0043,Jacket,124.33,298,93,36,Other,High
PRD0044,Dress,49.38,173,146,35,Female,Low
PRD0045,T-Shirt,107.0,104,207,41,Male,Low
PRD0046,Jeans,117.63,279,231,62,Other,Low
PRD0047,Sweater,95.41,330,226,52,Female,Medium
PRD0048,T-Shirt,78.66,119,45,18,Male,High
PRD0049,Sweater,70.6,345,200,53,Other,Medium
PRD0050,Sneakers,62.1,319,72,42,Male,High
PRD0051,Jeans,140.49,247,268,62,Male,Low
PRD0052,Jeans,127.13,390,6,60,Male,High
PRD0053,T-Shirt,145.28,445,129,51,Female,High
PRD0054,Jeans,31.78,396,114,42,Other,High
PRD0055,Dress,113.67,492,90,33,Other,High
PRD0056,Jeans,141.68,434,124,51,Female,High
PRD0057,Sweater,39.47,399,131,46,Other,High
PRD0058,Sweater,23.98,34,259,36,Male,Low
PRD0059,Sweater,115.05,150,187,40,Other,Low
PRD0060,Sweater,92.55,126,20,36,Female,High
PRD0061,Dress,128.65,491,66,42,Male,High
PRD0062,Jacket,33.87,401,162,33,Female,Medium
PRD0063,Sneakers,122.36,414,272,26,Male,Medium
PRD0064,T-Shirt,42.22,491,39,18,Male,High
PRD0065,Sweater,37.09,461,271,59,Other,Medium
PRD0066,Jeans,,34,68,36,Male,Low
PRD0067,Sweater,124.97,88,54,50,Female,Medium
PRD0068,Jeans,104.8,77,259,51,Other,Low
PRD0069,Sneakers,85.61,182,153,33,Female,Low
PRD0070,Sneakers,63.44,453,280,61,Male,Medium
PRD0071,Sneakers,133.42,21,176,57,Female,Low
PRD0072,Jeans,67.98,297,205,35,Female,Medium
PRD0073,Sweater,125.24,137,39,51,Male,High
PRD0074,Sneakers,74.28,105,220,42,Other,Low
PRD0075,Dress,65.89,101,69,62,Female,Medium
PRD0076,Jeans,77.46,150,12,23,Male,High
PRD0077,Jeans,55.69,40,80,38,Other,Low
PRD0078,Sweater,115.93,343,178,23,Other,Medium
PRD0079,Jeans,,29,51,49,Other,Low
PRD0080,Jeans,46.35,155,19,58,Female,High
PRD0081,nan,136.44,486,151,60,Female,High
PRD0082,Sweater,66.83,325,30,56,Female,High
PRD0083,Sneakers,88.38,456,97,48,Other,High
PRD0084,Sneakers,137.37,399,236,59,Female,Medium
PRD0085,Sweater,99.27,169,25,27,Male,High
PRD0086,T-Shirt,30.78,358,42,47,Female,High
PRD0087,Sneakers,141.88,52,280,35,Female,Low
PRD0088,Dress,99.74,263,161,41,Other,Medium
PRD0089,Dress,60.21,139,183,26,Female,Low
PRD0090,Jeans,33.8,69,136,48,Male,Low
PRD0091,Dress,122.19,160,32,32,Other,High
PRD0092,Jeans,98.71,476,264,21,Male,Medium
PRD0093,T-Shirt,87.02,296,80,57,Other,High
PRD0094,Sweater,135.68,14,71,26,Other,Low
PRD0095,Sweater,121.46,476,198,62,Female,Medium
PRD0096,Sweater,35.48,427,166,26,Male,High
PRD0097,Dress,57.08,275,261,43,Other,Low
PRD0098,T-Shirt,48.55,354,76,21,Female,High
PRD0099,Dress,115.43,139,91,34,Other,Medium
PRD0100,Dress,19.53,391,266,33,Other,Medium
PRD0101,T-Shirt,91.94,276,218,32,Other,Medium
PRD0102,T-Shirt,117.93,187,157,52,Other,Low
PRD0103,T-Shirt,133.36,262,214,22,Other,Low
PRD0104,T-Shirt,,424,65,22,Other,High
PRD0105,Sweater,125.87,65,272,37,Female,Low
PRD0106,Jacket,29.94,472,266,32,Other,Medium
PRD0107,Jacket,129.27,466,222,35,Male,Medium
PRD0108,T-Shirt,32.21,480,287,64,Female,Medium
PRD0109,Jacket,68.63,92,140,19,Male,Low
PRD0110,Jacket,122.63,402,97,46,Other,High
PRD0111,T-Shirt,35.24,108,113,30,Male,Low
PRD0112,Jacket,45.95,158,245,21,Other,Low
PRD0113,Dress,112.5,338,146,59,Other,Medium
PRD0114,Jeans,112.2,165,295,62,Female,Low
PRD0115,Jeans,101.55,199,241,27,Female,Low
PRD0116,T-Shirt,,380,181,48,Other,Medium
PRD0117,Sweater,88.27,272,145,58,Female,Medium
PRD0118,T-Shirt,48.99,89,193,25,Male,Low
PRD0119,Sweater,61.67,409,53,20,Female,High
PRD0120,Jeans,39.52,261,194,63,Female,Medium
PRD0121,T-Shirt,137.64,106,140,26,Male,Low
PRD0122,Sneakers,93.76,269,47,47,Female,High
PRD0123,Dress,69.11,269,94,28,Other,High
PRD0124,Jacket,77.37,112,299,52,Male,Low
PRD0125,Sweater,142.88,49,249,54,Other,Low
PRD0126,Sneakers,35.7,282,196,59,Male,Medium
PRD0127,Jacket,94.14,110,110,30,Other,Low
PRD0128,Jacket,83.29,368,237,53,Other,Medium
PRD0129,T-Shirt,97.55,389,269,30,Female,Medium
PRD0130,Jacket,17.44,317,41,29,Other,High
PRD0131,Dress,132.74,230,45,54,Female,High
PRD0132,Sneakers,140.84,317,21,27,Male,High
PRD0133,Jacket,91.29,429,281,26,Other,Medium
PRD0134,T-Shirt,109.05,133,63,24,Other,Medium
PRD0135,Dress,139.54,431,187,19,Male,Medium
PRD0136,Jeans,110.48,240,45,40,Male,High
PRD0137,Sneakers,35.59,187,43,56,Other,High
PRD0138,Jacket,92.8,72,196,57,Male,Low
PRD0139,T-Shirt,96.91,494,271,56,Female,Medium
PRD0140,Jeans,72.26,125,151,38,Male,Low
PRD0141,Jeans,114.42,200,131,40,Male,Medium
PRD0142,Sweater,141.14,71,50,46,Other,Medium
PRD0143,Dress,139.95,265,49,31,Female,High
PRD0144,Jacket,75.86,492,5,43,Male,High
PRD0145,T-Shirt,30.29,16,172,22,Female,Low
PRD0146,Sweater,147.95,164,112,48,Female,Medium
PRD0147,Dress,128.25,101,23,42,Female,High
PRD0148,Sweater,31.83,479,76,48,Other,High
PRD0149,Sneakers,139.31,23,113,37,Male,Low
PRD0150,Dress,132.44,464,272,61,Other,Medium
PRD0151,Dress,85.04,238,244,34,Male,Low
PRD0152,Jacket,94.82,95,94,62,Male,Low
PRD0153,Dress,68.87,142,107,19,Other,Medium
PRD0154,Sweater,22.39,192,254,42,Female,Low
PRD0155,Dress,60.25,395,12,30,Female,High
PRD0156,Jacket,123.39,71,157,56,Male,Low
PRD0157,Jacket,15.63,228,178,45,Other,Medium
PRD0158,Sneakers,60.02,414,162,59,Female,High
PRD0159,Sweater,68.75,255,219,23,Female,Low
PRD0160,Jeans,87.55,239,181,20,Male,Medium
PRD0161,Jeans,,88,179,52,Male,Low
PRD0162,Dress,61.76,158,150,35,Other,Low
PRD0163,Sneakers,61.84,147,165,28,Male,Low
PRD0164,T-Shirt,114.56,480,131,37,Female,High
PRD0165,Dress,76.05,323,86,22,Female,High
PRD0166,Sneakers,45.32,385,151,36,Female,High
PRD0167,Sweater,,432,243,39,Female,Medium
PRD0168,Sweater,34.02,398,88,36,Other,High
PRD0169,Sweater,38.81,74,117,64,Other,Low
PRD0170,Sweater,82.28,22,229,33,Male,Low
PRD0171,Sweater,,222,247,41,Male,Low
PRD0172,Sneakers,138.5,483,147,58,Male,High
PRD0173,Sneakers,63.92,251,45,21,Other,High
PRD0174,Jacket,93.38,222,262,32,Female,Low
PRD0175,Jeans,100.36,190,289,42,Male,Low
PRD0176,Sweater,16.77,347,109,61,Female,High
PRD0177,T-Shirt,104.58,494,206,52,Male,Medium
PRD0178,Sneakers,39.03,182,270,31,Male,Low
PRD0179,T-Shirt,144.74,169,214,36,Male,Low
PRD0180,T-Shirt,35.07,173,55,55,Male,High
PRD0181,T-Shirt,70.97,474,122,53,Male,High
PRD0182,Jacket,26.52,492,205,24,Female,Medium
PRD0183,Sneakers,149.58,197,43,47,Male,High
PRD0184,T-Shirt,82.8,404,32,36,Female,High
PRD0185,Sweater,95.38,200,263,42,Other,Low
PRD0186,Dress,24.06,414,88,33,Male,High
PRD0187,T-Shirt,116.24,317,159,64,Female,Medium
PRD0188,Jacket,43.34,265,121,57,Other,Medium
PRD0189,Sneakers,136.24,192,6,25,Other,High
PRD0190,Jacket,42.69,126,97,35,Other,Medium
PRD0191,T-Shirt,40.74,291,170,45,Female,Medium
PRD0192,Sneakers,19.93,205,262,33,Male,Low
PRD0193,Dress,78.73,43,85,36,Male,Low
PRD0194,T-Shirt,91.25,61,272,59,Female,Low
PRD0195,Jacket,23.87,121,239,34,Male,Low
PRD0196,Jeans,119.7,261,217,62,Female,Low
PRD0197,Sweater,,91,66,30,Male,Medium
PRD0198,Jacket,85.79,241,53,24,Other,High
PRD0199,Sneakers,74.5,236,131,44,Male,Medium
PRD0200,T-Shirt,69.1,242,227,27,Female,Low
PRD0201,Sweater,90.55,230,283,51,Female,Low
PRD0202,T-Shirt,35.96,445,298,53,Other,Medium
PRD0203,Sneakers,39.56,422,288,42,Female,Medium
PRD0204,nan,131.34,431,281,23,Male,Medium
PRD0205,Jeans,142.73,51,111,41,Male,Low
PRD0206,Sweater,65.4,30,150,35,Other,Low
PRD0207,Sweater,51.55,51,103,40,Female,Low
PRD0208,Sneakers,101.94,406,77,23,Other,High
PRD0209,Jeans,70.18,122,126,46,Male,Low
PRD0210,Jacket,18.43,114,34,42,Other,High
PRD0211,T-Shirt,36.08,201,192,34,Female,Low
PRD0212,Dress,111.66,26,292,63,Other,Low
PRD0213,T-Shirt,103.95,129,199,41,Female,Low
PRD0214,T-Shirt,18.66,402,160,28,Female,High
PRD0215,Jacket,44.97,434,176,43,Male,Medium
PRD0216,T-Shirt,46.2,138,45,51,Male,High
PRD0217,Jeans,105.71,139,67,45,Male,Medium
PRD0218,Jeans,17.66,69,27,20,Female,High
PRD0219,Sweater,29.05,57,79,28,Other,Low
PRD0220,Sneakers,122.99,38,52,55,Female,Low
PRD0221,Dress,39.1,106,164,31,Male,Low
PRD0222,T-Shirt,103.12,19,122,43,Male,Low
PRD0223,T-Shirt,47.15,251,104,38,Other,Medium
PRD0224,Jacket,28.42,323,171,56,Male,Medium
PRD0225,nan,47.83,453,294,47,Male,Medium
PRD0226,Jeans,112.51,241,160,25,Male,Medium
PRD0227,Dress,,286,11,37,Other,High
PRD0228,Sweater,127.08,293,200,49,Female,Medium
PRD0229,Jeans,68.62,212,60,39,Male,High
PRD0230,Sneakers,105.19,256,197,24,Other,Medium
PRD0231,Sweater,42.67,299,51,26,Male,High
PRD0232,Jacket,54.57,273,152,62,Other,Medium
PRD0233,Jacket,136.01,452,279,18,Male,Medium
PRD0234,T-Shirt,16.76,223,161,46,Other,Medium
PRD0235,Sneakers,26.54,209,206,25,Male,Low
PRD0236,Dress,43.06,442,130,21,Female,High
PRD0237,Sweater,18.58,88,298,52,Male,Low
PRD0238,Jeans,39.49,410,68,20,Other,High
PRD0239,Sneakers,93.71,453,180,62,Male,High
PRD0240,Sneakers,71.89,352,120,57,Female,High
PRD0241,Jacket,135.51,353,208,24,Male,Medium
PRD0242,T-Shirt,125.35,182,35,44,Other,High
PRD0243,T-Shirt,61.15,476,117,18,Other,High
PRD0244,Sweater,50.02,78,71,44,Female,Low
PRD0245,Jacket,66.26,425,79,33,Other,High
PRD0246,Sneakers,94.69,437,49,55,Male,High
PRD0247,Dress,51.19,458,264,24,Male,Medium
PRD0248,Jacket,99.26,96,158,61,Male,Low
PRD0249,Sweater,70.27,110,159,40,Other,Low
PRD0250,Sweater,89.53,17,238,58,Male,Low
PRD0251,Jacket,73.88,342,55,28,Male,High
PRD0252,Sweater,54.75,209,266,59,Male,Low
PRD0253,Jacket,143.04,96,129,50,Female,Low
PRD0254,Jeans,,52,249,53,Other,Low
PRD0255,Jacket,33.92,394,34,54,Other,High
PRD0256,Jacket,132.24,118,126,58,Other,Low
PRD0257,Sweater,80.8,444,129,34,Female,High
PRD0258,Sweater,135.76,417,41,52,Other,High
PRD0259,T-Shirt,122.98,492,174,22,Female,High
PRD0260,T-Shirt,72.4,161,128,49,Female,Medium
PRD0261,Jeans,18.03,26,39,20,Other,Low
PRD0262,T-Shirt,51.27,142,91,64,Male,Medium
PRD0263,Jacket,88.12,157,138,52,Male,Low
PRD0264,Sweater,100.52,286,200,31,Other,Medium
PRD0265,nan,49.81,241,278,48,Other,Low
PRD0266,T-Shirt,33.81,323,205,48,Female,Medium
PRD0267,Jeans,127.72,424,289,34,Other,Medium
PRD0268,Sneakers,147.89,375,81,41,Female,High
PRD0269,Jeans,85.97,237,63,40,Other,High
PRD0270,Jacket,38.18,148,130,35,Male,Low
PRD0271,Sweater,51.76,445,113,31,Male,High
PRD0272,Jeans,17.48,408,228,32,Other,Medium
PRD0273,T-Shirt,138.43,220,282,32,Female,Low
PRD0274,Sweater,30.9,400,72,23,Male,High
PRD0275,Sweater,92.83,37,73,44,Female,Low
PRD0276,T-Shirt,52.0,60,169,32,Other,Low
PRD0277,Jeans,89.81,451,166,53,Other,High
PRD0278,T-Shirt,102.94,270,46,25,Male,High
PRD0279,Sneakers,,270,113,32,Other,Medium
PRD0280,Sweater,42.87,359,55,20,Male,High
PRD0281,Dress,16.48,361,254,64,Female,Medium
PRD0282,Dress,33.48,17,25,30,Male,Low
PRD0283,Jacket,136.5,329,143,58,Male,Medium
PRD0284,T-Shirt,132.98,147,96,51,Female,Medium
PRD0285,T-Shirt,95.65,47,284,41,Male,Low
PRD0286,Jacket,96.07,120,129,57,Male,Low
PRD0287,Jacket,104.78,489,115,49,Other,High
PRD0288,Jacket,38.68,377,143,49,Female,High
PRD0289,Sweater,138.45,229,277,47,Male,Low
PRD0290,Sneakers,71.53,346,103,30,Female,High
PRD0291,T-Shirt,66.72,232,256,18,Female,Low
PRD0292,Sweater,85.05,145,108,51,Male,Medium
PRD0293,Jacket,21.34,265,218,32,Other,Low
PRD0294,T-Shirt,37.45,369,253,61,Female,Medium
PRD0295,Sweater,114.63,418,156,31,Male,High
PRD0296,nan,26.18,338,254,46,Female,Medium
PRD0297,Sweater,96.43,459,279,51,Other,Medium
PRD0298,Sneakers,48.12,472,169,35,Other,High
PRD0299,Jacket,67.55,443,12,24,Other,High
PRD0300,Sneakers,53.97,460,288,46,Male,Medium
PRD0301,T-Shirt,,58,9,48,Male,High
PRD0302,Jacket,112.07,301,149,42,Other,Medium
PRD0303,T-Shirt,55.11,391,105,55,Male,High
PRD0304,Dress,91.46,333,168,31,Other,Medium
PRD0305,Jeans,79.27,87,151,25,Male,Low
PRD0306,Sneakers,104.6,114,68,44,Other,Medium
PRD0307,nan,141.47,178,95,19,Female,Medium
PRD0308,Jeans,113.9,226,121,34,Other,Medium
PRD0309,Sneakers,44.02,387,271,54,Other,Medium
PRD0310,Jacket,19.21,128,177,31,Male,Low
PRD0311,nan,50.41,199,51,42,Male,High
PRD0312,T-Shirt,95.34,264,144,47,Male,Medium
PRD0313,Sweater,21.94,379,250,46,Male,Medium
PRD0314,T-Shirt,82.01,275,153,37,Male,Medium
PRD0315,Sweater,95.57,158,250,38,Male,Low
PRD0316,T-Shirt,60.12,173,9,39,Female,High
PRD0317,Sneakers,119.07,149,188,52,Other,Low
PRD0318,Dress,29.39,356,24,54,Other,High
PRD0319,Sweater,,497,50,33,Other,High
PRD0320,Jacket,113.31,267,16,60,Female,High
PRD0321,T-Shirt,81.89,383,74,34,Other,High
PRD0322,T-Shirt,107.93,278,21,33,Female,High
PRD0323,Sweater,73.7,190,151,19,Female,Medium
PRD0324,Jacket,48.26,169,158,21,Female,Low
PRD0325,Jacket,125.58,360,112,38,Other,High
PRD0326,Sneakers,122.92,409,240,56,Female,Medium
PRD0327,Sneakers,108.78,297,74,51,Other,High
PRD0328,Sneakers,51.74,297,187,47,Other,Medium
PRD0329,Sneakers,94.68,389,254,23,Male,Medium
PRD0330,Sneakers,63.73,235,232,34,Male,Low
PRD0331,Sneakers,27.36,20,106,56,Female,Low
PRD0332,Dress,138.84,19,79,42,Female,Low
PRD0333,Jacket,33.47,280,220,22,Other,Medium
PRD0334,Sneakers,143.28,282,207,22,Female,Medium
PRD0335,Jacket,75.21,433,196,37,Female,Medium
PRD0336,Jacket,39.99,411,253,33,Other,Medium
PRD0337,Jeans,88.16,192,246,58,Female,Low
PRD0338,Dress,132.85,466,183,54,Female,High
PRD0339,Sneakers,113.85,162,223,57,Other,Low
PRD0340,T-Shirt,123.89,497,86,26,Other,High
PRD0341,Sweater,103.94,324,96,22,Male,High
PRD0342,T-Shirt,108.46,343,179,59,Other,Medium
PRD0343,Dress,129.64,133,243,19,Male,Low
PRD0344,Sweater,48.71,482,264,26,Female,Medium
PRD0345,Dress,81.07,123,167,60,Other,Low
PRD0346,Jacket,44.86,287,52,53,Other,High
PRD0347,Sweater,148.34,423,120,39,Other,High
PRD0348,Jacket,142.45,477,229,39,Female,Medium
PRD0349,T-Shirt,20.32,222,151,39,Male,Medium
PRD0350,T-Shirt,110.25,181,67,51,Female,High
PRD0351,Sweater,139.91,297,298,46,Female,Low
PRD0352,Sweater,39.38,444,17,55,Other,High
PRD0353,Sneakers,91.67,183,193,63,Male,Low
PRD0354,Dress,138.59,122,291,50,Female,Low
PRD0355,Sneakers,19.58,385,212,35,Other,Medium
PRD0356,Dress,109.15,414,118,24,Female,High
PRD0357,Sneakers,55.14,492,26,18,Female,High
PRD0358,Jacket,,131,218,50,Other,Low
PRD0359,Sweater,146.09,41,175,18,Other,Low
PRD0360,T-Shirt,142.48,231,58,41,Male,High
PRD0361,Dress,79.02,128,130,21,Female,Low
PRD0362,Dress,131.38,48,281,21,Other,Low
PRD0363,T-Shirt,129.01,277,208,35,Other,Medium
PRD0364,Sneakers,58.08,242,198,44,Male,Low
PRD0365,Dress,126.9,440,173,60,Male,High
PRD0366,Jacket,20.0,27,156,49,Other,Low
PRD0367,Sweater,95.5,158,39,50,Male,High
PRD0368,T-Shirt,46.05,406,188,45,Other,Medium
PRD0369,Sweater,31.28,158,290,59,Female,Low
PRD0370,Dress,25.39,135,61,58,Male,Medium
PRD0371,Dress,109.0,401,226,53,Female,Medium
PRD0372,nan,60.88,311,167,23,Female,Medium
PRD0373,Jacket,112.84,369,23,33,Female,High
PRD0374,Jeans,23.82,247,268,51,Other,Low
PRD0375,T-Shirt,57.56,144,286,40,Female,Low
PRD0376,Jeans,87.83,160,117,59,Female,Medium
PRD0377,Sneakers,121.75,245,34,41,Female,High
PRD0378,Jeans,58.03,233,139,30,Other,Medium
PRD0379,Jacket,99.5,212,71,35,Female,High
PRD0380,Sneakers,134.61,265,69,30,Female,High
PRD0381,Jeans,98.14,95,296,54,Male,Low
PRD0382,Sneakers,46.45,159,29,60,Other,High
PRD0383,Jeans,18.29,244,41,56,Female,High
PRD0384,Jacket,132.46,354,5,59,Male,High
PRD0385,Jeans,17.87,31,41,34,Other,Low
PRD0386,Jeans,133.08,357,145,32,Other,Medium
PRD0387,Jeans,86.41,294,236,35,Other,Low
PRD0388,T-Shirt,141.77,278,140,40,Other,Medium
PRD0389,T-Shirt,122.84,475,192,47,Other,Medium
PRD0390,T-Shirt,149.72,267,132,51,Other,Medium
PRD0391,Jacket,62.35,38,205,21,Female,Low
PRD0392,Sneakers,118.57,222,131,20,Female,Medium
PRD0393,nan,69.26,472,261,24,Female,Medium
PRD0394,Jeans,79.78,445,168,35,Female,High
PRD0395,Jeans,99.71,292,39,59,Male,High
PRD0396,Jacket,132.95,59,198,24,Female,Low
PRD0397,Jeans,147.85,104,195,57,Other,Low
PRD0398,T-Shirt,118.72,472,108,23,Female,High
PRD0399,Dress,71.4,416,27,39,Female,High
PRD0400,Sweater,71.88,97,269,18,Other,Low
PRD0401,Jeans,114.57,53,294,21,Female,Low
PRD0402,T-Shirt,47.23,470,264,63,Female,Medium
PRD0403,Sweater,,287,79,60,Female,High
PRD0404,Dress,62.87,180,76,46,Male,Medium
PRD0405,Sweater,53.78,430,263,38,Female,Medium
PRD0406,T-Shirt,55.0,198,192,43,Other,Low
PRD0407,Sneakers,46.54,362,177,31,Other,Medium
PRD0408,Sneakers,20.68,193,294,26,Female,Low
PRD0409,Sweater,17.41,12,49,64,Female,Low
PRD0410,Jacket,148.34,200,65,29,Female,High
PRD0411,Sweater,72.75,127,87,59,Other,Medium
PRD0412,Jeans,66.88,28,127,23,Other,Low
PRD0413,Jeans,106.75,32,20,37,Male,Medium
PRD0414,Sneakers,44.46,422,70,41,Male,High
PRD0415,Jacket,143.24,39,149,44,Male,Low
PRD0416,T-Shirt,121.16,304,166,55,Other,Medium
PRD0417,Jeans,27.07,117,238,25,Male,Low
PRD0418,Sneakers,71.37,376,148,18,Female,High
PRD0419,Dress,133.68,290,192,41,Female,Medium
PRD0420,Sneakers,142.54,137,17,64,Other,High
PRD0421,Jeans,78.1,238,188,24,Male,Medium
PRD0422,Jeans,97.81,120,115,36,Female,Low
PRD0423,Sneakers,37.55,145,294,39,Other,Low
PRD0424,T-Shirt,148.81,371,299,52,Male,Low
PRD0425,Sweater,46.28,195,219,47,Female,Low
PRD0426,Jeans,142.27,153,124,46,Male,Low
PRD0427,Sneakers,102.7,81,59,39,Other,Medium
PRD0428,Sneakers,97.04,138,31,28,Male,High
PRD0429,Jacket,84.21,373,122,37,Other,High
PRD0430,Sweater,,270,225,46,Male,Low
PRD0431,Dress,38.83,12,235,58,Female,Low
PRD0432,T-Shirt,44.77,458,57,59,Other,High
PRD0433,Dress,40.17,397,299,51,Other,Medium
PRD0434,Sweater,120.24,113,237,18,Other,Low
PRD0435,Sweater,62.27,492,162,48,Male,High
PRD0436,nan,22.81,233,273,47,Male,Low
PRD0437,Dress,145.83,329,25,35,Female,High
PRD0438,Sweater,134.31,371,57,34,Other,High
PRD0439,Sneakers,140.25,363,279,55,Other,Medium
PRD0440,Dress,149.31,482,285,31,Male,Medium
PRD0441,Sweater,38.48,19,218,40,Male,Low
PRD0442,Sneakers,68.49,414,35,42,Female,High
PRD0443,Jacket,117.36,393,187,32,Female,Medium
PRD0444,Sweater,108.96,311,27,63,Male,High
PRD0445,Dress,35.78,240,36,39,Other,High
PRD0446,Jeans,125.14,228,78,20,Female,High
PRD0447,Sweater,45.3,420,14,36,Male,High
PRD0448,Jeans,45.22,75,58,61,Male,Medium
PRD0449,Sneakers,87.49,434,56,51,Other,High
PRD0450,nan,95.05,121,152,52,Male,Low
PRD0451,T-Shirt,93.31,22,164,18,Male,Low
PRD0452,Jacket,27.35,402,18,38,Female,High
PRD0453,Sweater,133.46,429,182,46,Male,Medium
PRD0454,Jeans,50.86,95,57,23,Male,Medium
PRD0455,Jeans,32.48,243,26,54,Female,High
PRD0456,Dress,134.98,99,34,18,Other,High
PRD0457,Jeans,144.01,323,195,18,Other,Medium
PRD0458,Dress,131.39,63,264,44,Female,Low
PRD0459,Sneakers,124.28,21,209,38,Female,Low
PRD0460,T-Shirt,103.46,218,63,33,Other,High
PRD0461,Sweater,89.37,471,268,61,Other,Medium
PRD0462,Dress,26.74,23,16,57,Other,Medium
PRD0463,T-Shirt,70.14,130,123,43,Other,Low
PRD0464,Jeans,65.31,427,294,33,Other,Medium
PRD0465,Jeans,50.07,446,252,45,Female,Medium
PRD0466,T-Shirt,112.66,386,131,18,Male,High
PRD0467,Jeans,81.94,29,79,53,Other,Low
PRD0468,Sneakers,25.94,84,208,27,Other,Low
PRD0469,Sneakers,44.72,409,53,60,Male,High
PRD0470,T-Shirt,107.24,252,83,34,Male,High
PRD0471,Dress,25.28,232,245,40,Male,Low
PRD0472,Dress,129.91,79,158,24,Male,Low
PRD0473,T-Shirt,81.84,321,278,61,Male,Low
PRD0474,Dress,,220,100,24,Male,Medium
PRD0475,Dress,,110,218,61,Female,Low
PRD0476,Sneakers,126.33,195,298,32,Male,Low
PRD0477,Dress,61.95,141,213,51,Male,Low
PRD0478,Jacket,106.53,120,92,63,Female,Medium
PRD0479,Sweater,91.37,390,268,62,Male,Medium
PRD0480,Jeans,51.05,141,161,21,Other,Low
PRD0481,Jacket,133.62,29,160,31,Other,Low
PRD0482,Dress,122.65,403,143,31,Male,High
PRD0483,Sneakers,103.89,33,125,33,Female,Low
PRD0484,T-Shirt,129.83,236,69,24,Other,High
PRD0485,Dress,132.08,163,111,49,Female,Medium
PRD0486,Sneakers,110.63,302,151,36,Other,Medium
PRD0487,nan,128.0,239,141,19,Male,Medium
PRD0488,Dress,109.16,478,166,27,Female,High
PRD0489,T-Shirt,106.82,319,104,34,Female,High
PRD0490,Sneakers,98.51,497,145,54,Female,High
PRD0491,Sneakers,116.62,368,87,29,Other,High
PRD0492,Sneakers,36.41,414,181,23,Other,Medium
PRD0493,Sweater,133.92,211,202,39,Other,Low
PRD0494,Dress,132.7,47,116,49,Male,Low
PRD0495,Sweater,18.95,439,60,58,Other,High
PRD0496,Jeans,126.49,269,183,37,Male,Medium
PRD0497,Jeans,32.4,197,190,18,Female,Low
PRD0498,Dress,60.24,66,222,64,Female,Low
PRD0499,Sweater,115.37,438,221,23,Male,Medium
PRD0500,T-Shirt,36.7,29,124,36,Other,Low
PRD0501,Sneakers,125.43,282,179,35,Male,Medium
PRD0502,Sneakers,127.34,128,27,23,Female,High
PRD0503,Dress,83.51,80,217,62,Female,Low
PRD0504,Jeans,15.86,13,239,50,Male,Low
PRD0505,Jeans,53.75,230,17,40,Other,High
PRD0506,Sneakers,98.29,23,105,40,Other,Low
PRD0507,Dress,147.46,12,28,43,Male,Low
PRD0508,Sweater,100.29,225,15,30,Male,High
PRD0509,Jeans,,238,277,24,Other,Low
PRD0510,Sweater,100.59,345,285,32,Female,Low
PRD0511,Jeans,87.9,195,98,61,Male,Medium
PRD0512,Jeans,,64,205,44,Other,Low
PRD0513,Jacket,29.44,397,25,43,Other,High
PRD0514,Jeans,117.74,385,215,50,Female,Medium
PRD0515,T-Shirt,88.07,263,144,32,Female,Medium
PRD0516,Dress,145.0,33,297,53,Female,Low
PRD0517,Dress,61.15,171,105,62,Female,Medium
PRD0518,Sweater,100.4,167,32,44,Female,High
PRD0519,Jeans,140.82,91,45,22,Male,Medium
PRD0520,T-Shirt,28.84,412,150,19,Other,High
PRD0521,Sweater,141.53,168,260,50,Male,Low
PRD0522,Jacket,107.86,197,231,33,Male,Low
PRD0523,Sweater,24.16,69,240,40,Male,Low
PRD0524,nan,55.63,412,17,55,Male,High
PRD0525,Jeans,110.6,314,214,33,Male,Medium
PRD0526,Jacket,24.09,328,233,31,Female,Medium
PRD0527,Sweater,93.59,375,104,46,Female,High
PRD0528,T-Shirt,61.69,220,35,43,Other,High
PRD0529,T-Shirt,98.82,415,20,52,Male,High
PRD0530,Dress,21.18,161,141,32,Other,Low
PRD0531,Jacket,132.66,118,170,20,Female,Low
PRD0532,nan,146.42,85,104,40,Female,Low
PRD0533,Dress,145.8,39,113,46,Female,Low
PRD0534,Sweater,116.2,323,177,51,Male,Medium
PRD0535,Jacket,32.56,495,241,50,Male,Medium
PRD0536,T-Shirt,117.37,126,166,58,Female,Low
PRD0537,T-Shirt,18.32,424,220,58,Other,Medium
PRD0538,Jeans,17.99,365,268,40,Other,Medium
PRD0539,Jacket,58.69,201,267,24,Female,Low
PRD0540,Sweater,80.97,28,296,20,Other,Low
PRD0541,Dress,119.01,441,278,49,Female,Medium
PRD0542,Dress,107.24,182,7,48,Other,High
PRD0543,Sweater,75.2,237,32,35,Female,High
PRD0544,Sneakers,51.94,359,153,60,Other,Medium
PRD0545,Jeans,149.61,192,32,24,Male,High
PRD0546,Dress,72.53,122,69,58,Female,Medium
PRD0547,Jacket,75.94,192,25,18,Female,High
PRD0548,Jeans,37.09,490,256,31,Other,Medium
PRD0549,Jacket,122.3,155,239,49,Female,Low
PRD0550,T-Shirt,108.65,328,231,23,Female,Medium
PRD0551,Jeans,44.8,125,17,56,Female,High
PRD0552,Dress,26.12,122,53,27,Male,Medium
PRD0553,Jeans,,260,122,24,Male,Medium
PRD0554,Jeans,103.36,485,58,43,Other,High
PRD0555,Jeans,51.89,260,142,51,Male,Medium
PRD0556,Sneakers,143.37,312,57,47,Other,High
PRD0557,Jeans,35.39,468,48,53,Male,High
PRD0558,Jacket,73.37,322,57,38,Other,High
PRD0559,T-Shirt,142.39,127,78,34,Male,Medium
PRD0560,Sweater,71.66,310,50,50,Male,High
PRD0561,Jeans,101.2,170,17,27,Other,High
PRD0562,Dress,68.68,410,169,64,Female,Medium
PRD0563,Jeans,52.02,207,106,59,Female,Medium
PRD0564,Dress,147.84,269,284,29,Male,Low
PRD0565,Jacket,70.26,157,262,33,Other,Low
PRD0566,Dress,135.7,249,142,58,Female,Medium
PRD0567,Sweater,46.04,56,167,49,Other,Low
PRD0568,T-Shirt,43.77,484,115,32,Female,High
PRD0569,Dress,19.2,408,106,44,Other,High
PRD0570,Dress,102.98,207,21,45,Male,High
PRD0571,T-Shirt,64.75,56,272,34,Other,Low
PRD0572,Sweater,131.69,87,186,63,Female,Low
PRD0573,Jeans,78.88,133,28,19,Male,High
PRD0574,Dress,145.71,84,33,53,Other,High
PRD0575,T-Shirt,40.05,368,175,24,Female,Medium
PRD0576,Jacket,132.26,146,232,30,Male,Low
PRD0577,T-Shirt,119.84,99,192,32,Other,Low
PRD0578,Jacket,119.07,409,234,42,Female,Medium
PRD0579,Sweater,,334,123,40,Other,High
PRD0580,Jeans,117.74,70,160,39,Other,Low
PRD0581,T-Shirt,99.54,147,276,43,Male,Low
PRD0582,Sneakers,32.72,59,179,50,Male,Low
PRD0583,Dress,19.39,268,108,28,Female,Medium
PRD0584,Sweater,139.31,470,96,27,Male,High
PRD0585,T-Shirt,98.25,116,190,42,Female,Low
PRD0586,Dress,,122,287,54,Other,Low
PRD0587,T-Shirt,,359,185,60,Other,Medium
PRD0588,Jacket,30.84,263,174,55,Female,Medium
PRD0589,T-Shirt,31.9,127,191,58,Other,Low
PRD0590,Sneakers,107.55,207,179,62,Male,Low
PRD0591,T-Shirt,73.09,346,226,41,Other,Medium
PRD0592,T-Shirt,42.07,374,237,57,Male,Medium
PRD0593,Sneakers,81.37,60,166,63,Female,Low
PRD0594,Sweater,23.67,254,138,50,Female,Medium
PRD0595,T-Shirt,93.57,412,228,34,Other,Medium
PRD0596,Sneakers,51.31,435,157,41,Other,High
PRD0597,Dress,122.67,44,37,54,Male,Low
PRD0598,Jacket,56.9,311,59,19,Male,High
PRD0599,Jacket,76.45,419,11,49,Other,High
PRD0600,T-Shirt,16.57,78,248,41,Other,Low
PRD0601,Sweater,24.78,358,130,26,Female,High
PRD0602,Sweater,67.99,329,16,21,Female,High
PRD0603,Dress,79.79,430,20,34,Female,High
PRD0604,T-Shirt,96.0,477,212,34,Other,Medium
PRD0605,Jacket,54.37,58,47,47,Other,Low
PRD0606,Sweater,108.82,414,139,57,Other,High
PRD0607,T-Shirt,131.12,83,232,28,Female,Low
PRD0608,Sweater,120.28,201,115,38,Other,Medium
PRD0609,Sneakers,20.35,270,164,38,Male,Medium
PRD0610,Sweater,79.87,365,268,35,Other,Medium
PRD0611,Jacket,29.17,79,229,46,Other,Low
PRD0612,Jeans,47.68,99,221,41,Other,Low
PRD0613,Dress,148.2,269,49,27,Other,High
PRD0614,Dress,34.24,135,218,62,Other,Low
PRD0615,Jacket,82.35,240,63,34,Male,High
PRD0616,Sweater,98.45,304,136,35,Male,Medium
PRD0617,T-Shirt,109.83,428,108,59,Other,High
PRD0618,Sweater,90.55,138,199,37,Female,Low
PRD0619,Jacket,16.32,289,161,54,Other,Medium
PRD0620,Dress,59.07,322,102,62,Other,High
PRD0621,Sweater,84.89,109,230,35,Other,Low
PRD0622,Dress,26.86,335,209,34,Female,Medium
PRD0623,T-Shirt,62.33,306,83,26,Female,High
PRD0624,Dress,19.48,191,128,31,Female,Medium
PRD0625,Dress,25.61,183,222,46,Male,Low
PRD0626,Jeans,68.58,325,8,48,Female,High
PRD0627,Jeans,32.92,373,94,21,Male,High
PRD0628,Sneakers,91.62,197,108,35,Male,Medium
PRD0629,Jeans,108.08,66,123,37,Female,Low
PRD0630,Dress,,40,137,64,Female,Low
PRD0631,nan,42.02,93,100,60,Female,Low
PRD0632,Dress,37.61,161,147,61,Male,Low
PRD0633,Jacket,29.12,482,292,26,Other,Medium
PRD0634,Jacket,100.92,45,32,30,Female,Medium
PRD0635,Jeans,110.37,222,282,32,Female,Low
PRD0636,Sweater,19.26,423,237,44,Female,Medium
PRD0637,T-Shirt,141.39,417,21,32,Male,High
PRD0638,Jeans,22.02,373,63,45,Male,High
PRD0639,Jeans,88.08,115,94,54,Other,Low
PRD0640,Sweater,110.72,423,203,36,Female,Medium
PRD0641,T-Shirt,132.58,351,30,43,Male,High
PRD0642,Dress,111.4,229,29,43,Other,High
PRD0643,Sneakers,123.23,400,271,42,Female,Medium
PRD0644,Sneakers,60.83,172,185,43,Male,Low
PRD0645,Dress,125.0,448,72,43,Female,High
PRD0646,Jeans,25.82,229,53,63,Female,High
PRD0647,T-Shirt,135.8,279,179,45,Male,Medium
PRD0648,Jeans,88.92,129,56,35,Male,Medium
PRD0649,Jacket,125.34,403,106,49,Male,High
PRD0650,Jeans,76.06,345,220,20,Female,Medium
PRD0651,Jeans,101.88,409,192,19,Female,Medium
PRD0652,Dress,86.06,191,61,50,Other,High
PRD0653,Dress,113.76,488,51,59,Female,High
PRD0654,Dress,26.02,115,163,36,Male,Low
PRD0655,Sneakers,23.15,226,178,34,Female,Medium
PRD0656,Jacket,48.36,214,246,61,Other,Low
PRD0657,Dress,36.54,79,286,50,Other,Low
PRD0658,T-Shirt,132.69,53,245,29,Male,Low
PRD0659,Sneakers,44.59,338,9,20,Male,High
PRD0660,Sweater,146.74,310,88,60,Other,High
PRD0661,T-Shirt,60.48,237,252,43,Other,Low
PRD0662,T-Shirt,39.59,193,58,52,Other,High
PRD0663,Dress,121.61,116,165,25,Male,Low
PRD0664,Sweater,103.93,93,230,53,Other,Low
PRD0665,Sweater,82.26,347,19,24,Other,High
PRD0666,Sneakers,89.97,259,228,63,Male,Low
PRD0667,Sweater,112.09,372,65,63,Female,High
PRD0668,Jacket,45.84,450,126,53,Female,High
PRD0669,Dress,149.51,30,281,33,Other,Low
PRD0670,Sweater,146.6,205,50,41,Female,High
PRD0671,Sneakers,102.79,187,298,18,Female,Low
PRD0672,Jacket,41.94,426,66,42,Female,High
PRD0673,Jeans,106.83,484,90,27,Female,High
PRD0674,Jeans,24.75,16,214,33,Other,Low
PRD0675,Jacket,19.14,79,82,33,Female,Low
PRD0676,Sneakers,49.79,136,206,25,Female,Low
PRD0677,Jacket,77.45,408,227,46,Male,Medium
PRD0678,Dress,132.22,475,226,56,Other,Medium
PRD0679,Dress,113.17,169,7,45,Male,High
PRD0680,Jeans,115.27,257,10,23,Male,High
PRD0681,Sweater,72.44,212,97,33,Other,Medium
PRD0682,Sneakers,61.7,157,12,37,Female,High
PRD0683,Jeans,65.09,481,239,33,Male,Medium
PRD0684,Sweater,148.33,152,112,24,Other,Medium
PRD0685,Sweater,20.41,441,165,58,Female,High
PRD0686,Dress,132.05,208,213,31,Other,Low
PRD0687,T-Shirt,93.12,414,244,60,Male,Medium
PRD0688,T-Shirt,,435,54,43,Female,High
PRD0689,Jacket,112.91,163,15,43,Female,High
PRD0690,Dress,80.7,385,160,31,Other,Medium
PRD0691,Sweater,132.91,393,74,24,Female,High
PRD0692,Sneakers,136.59,151,173,50,Male,Low
PRD0693,T-Shirt,71.93,322,276,43,Male,Low
PRD0694,Sweater,52.37,174,72,62,Male,Medium
PRD0695,T-Shirt,94.97,323,256,37,Other,Medium
PRD0696,T-Shirt,138.17,30,52,20,Female,Low
PRD0697,T-Shirt,43.44,91,188,21,Female,Low
PRD0698,Sneakers,,78,191,43,Female,Low
PRD0699,Dress,100.26,140,94,28,Male,Medium
PRD0700,Sneakers,113.97,96,143,19,Female,Low
PRD0701,Jeans,32.76,227,93,31,Male,Medium
PRD0702,Sweater,111.64,430,278,61,Female,Medium
PRD0703,nan,137.72,481,23,47,Male,High
PRD0704,Dress,39.26,314,158,29,Female,Medium
PRD0705,Dress,,412,264,43,Other,Medium
PRD0706,Dress,146.14,380,112,61,Other,High
PRD0707,Sneakers,39.43,354,289,50,Male,Low
PRD0708,Dress,130.34,350,63,30,Male,High
PRD0709,Jacket,,393,129,31,Female,High
PRD0710,Sweater,48.38,405,277,41,Female,Medium
PRD0711,Dress,132.55,454,111,51,Other,High
PRD0712,Sweater,75.12,434,249,61,Female,Medium
PRD0713,Jacket,84.5,170,251,43,Male,Low
PRD0714,Jacket,63.5,187,12,38,Male,High
PRD0715,Sweater,95.05,126,145,45,Male,Low
PRD0716,T-Shirt,37.08,205,12,53,Male,High
PRD0717,Jeans,67.8,392,98,57,Male,High
PRD0718,T-Shirt,145.87,499,43,19,Other,High
PRD0719,T-Shirt,49.85,336,85,59,Other,High
PRD0720,Sneakers,103.66,95,191,26,Male,Low
PRD0721,T-Shirt,58.9,298,88,40,Female,High
PRD0722,nan,,90,92,32,Male,Low
PRD0723,Sneakers,32.67,161,246,30,Other,Low
PRD0724,Sneakers,145.93,70,97,40,Male,Low
PRD0725,Jacket,76.26,70,90,34,Other,Low
PRD0726,T-Shirt,46.87,363,48,19,Other,High
PRD0727,Jacket,24.92,37,141,37,Male,Low
PRD0728,Sweater,37.92,451,78,37,Male,High
PRD0729,Jeans,,52,40,63,Female,Medium
PRD0730,Sneakers,60.5,178,105,20,Other,Medium
PRD0731,Sweater,126.9,432,160,29,Female,High
PRD0732,Sweater,73.17,95,259,57,Male,Low
PRD0733,Dress,48.58,186,175,19,Other,Low
PRD0734,Jeans,98.31,26,220,53,Female,Low
PRD0735,Sweater,110.41,107,174,31,Female,Low
PRD0736,Sweater,37.55,463,256,33,Female,Medium
PRD0737,Jeans,37.63,207,59,36,Male,High
PRD0738,Jeans,19.95,107,95,51,Male,Low
PRD0739,Sweater,114.41,74,282,61,Male,Low
PRD0740,Jeans,104.61,339,105,63,Other,High
PRD0741,Sweater,79.08,350,159,23,Male,Medium
PRD0742,Sweater,,14,145,30,Other,Low
PRD0743,nan,123.77,11,177,53,Female,Low
PRD0744,T-Shirt,94.02,31,14,39,Female,Medium
PRD0745,Sweater,132.22,121,232,35,Male,Low
PRD0746,Jacket,42.79,66,269,29,Female,Low
PRD0747,Sneakers,30.11,75,252,47,Male,Low
PRD0748,T-Shirt,51.42,339,251,57,Other,Medium
PRD0749,T-Shirt,22.71,107,159,24,Female,Low
PRD0750,T-Shirt,86.71,153,38,49,Male,High
PRD0751,Dress,141.44,377,133,36,Female,High
PRD0752,Sweater,20.31,444,164,23,Female,High
PRD0753,Dress,31.48,134,93,37,Male,Medium
PRD0754,Sweater,76.05,176,97,44,Female,Medium
PRD0755,Dress,141.07,95,245,60,Female,Low
PRD0756,Dress,57.68,85,121,54,Female,Low
PRD0757,Sneakers,83.48,353,98,24,Female,High
PRD0758,Jacket,20.61,433,167,22,Other,High
PRD0759,Dress,35.03,303,103,28,Female,High
PRD0760,Sneakers,148.2,453,117,32,Female,High
PRD0761,Jeans,145.29,68,95,20,Male,Low
PRD0762,Jacket,15.67,147,210,22,Other,Low
PRD0763,Dress,143.49,108,21,40,Male,High
PRD0764,T-Shirt,101.28,201,278,54,Male,Low
PRD0765,Jeans,132.17,252,177,26,Male,Medium
PRD0766,Jeans,76.39,328,120,32,Other,High
PRD0767,Sneakers,84.61,58,185,20,Male,Low
PRD0768,Jeans,,457,95,46,Male,High
PRD0769,Jacket,105.03,41,86,23,Male,Low
PRD0770,Dress,33.85,400,118,34,Female,High
PRD0771,Dress,19.05,286,261,43,Male,Low
PRD0772,T-Shirt,56.57,29,62,38,Other,Low
PRD0773,Sneakers,110.13,163,158,25,Other,Low
PRD0774,T-Shirt,42.25,392,120,38,Female,High
PRD0775,Jeans,105.91,77,270,28,Other,Low
PRD0776,T-Shirt,145.94,375,207,55,Other,Medium
PRD0777,Jacket,27.68,381,45,25,Female,High
PRD0778,Dress,105.8,223,109,59,Male,Medium
PRD0779,Jeans,74.91,152,197,41,Female,Low
PRD0780,T-Shirt,132.2,385,282,52,Male,Medium
PRD0781,Sneakers,38.92,241,241,31,Male,Low
PRD0782,Jacket,108.5,222,225,31,Other,Low
PRD0783,Jacket,128.15,88,72,27,Female,Low
PRD0784,T-Shirt,142.52,223,201,29,Other,Low
PRD0785,Dress,107.24,125,260,55,Other,Low
PRD0786,T-Shirt,,101,143,61,Male,Low
PRD0787,nan,98.41,279,153,63,Other,Medium
PRD0788,T-Shirt,132.3,420,103,51,Female,High
PRD0789,Jacket,92.03,390,80,58,Other,High
PRD0790,T-Shirt,19.1,498,286,27,Other,Medium
PRD0791,Dress,140.68,177,113,34,Male,Medium
PRD0792,Sneakers,,67,192,34,Female,Low
PRD0793,Sweater,106.33,293,203,20,Other,Medium
PRD0794,T-Shirt,44.12,35,158,48,Male,Low
PRD0795,Dress,103.95,378,44,18,Other,High
PRD0796,Dress,68.17,456,137,29,Female,High
PRD0797,Sneakers,102.92,75,136,56,Other,Low
PRD0798,Jacket,29.39,418,283,21,Other,Medium
PRD0799,Dress,103.81,257,88,59,Male,High
PRD0800,nan,149.92,263,246,30,Other,Low
PRD0801,Dress,21.51,396,120,51,Male,High
PRD0802,Dress,146.92,465,113,59,Female,High
PRD0803,Jeans,69.93,53,225,38,Other,Low
PRD0804,Jeans,132.55,106,45,39,Female,Medium
PRD0805,Jacket,,51,151,21,Female,Low
PRD0806,T-Shirt,91.55,236,116,35,Other,Medium
PRD0807,Dress,114.69,271,107,22,Male,High
PRD0808,Sneakers,133.6,176,50,36,Female,High
PRD0809,T-Shirt,69.56,445,275,19,Female,Medium
PRD0810,Sneakers,59.15,288,199,29,Other,Medium
PRD0811,T-Shirt,105.13,98,284,34,Other,Low
PRD0812,Jacket,124.06,388,287,27,Other,Medium
PRD0813,Dress,117.91,187,44,51,Other,High
PRD0814,Dress,122.7,436,193,23,Other,Medium
PRD0815,Sweater,73.8,412,168,25,Other,Medium
PRD0816,Sneakers,125.41,206,28,28,Male,High
PRD0817,T-Shirt,31.23,316,28,29,Female,High
PRD0818,T-Shirt,88.51,276,8,26,Male,High
PRD0819,Jeans,15.78,277,294,19,Male,Low
PRD0820,Sweater,58.82,83,185,25,Other,Low
PRD0821,Jeans,64.47,17,252,28,Female,Low
PRD0822,Jeans,68.48,417,120,53,Male,High
PRD0823,Jeans,108.89,485,283,27,Other,Medium
PRD0824,Sneakers,67.46,306,73,38,Other,High
PRD0825,Sneakers,75.57,173,258,37,Female,Low
PRD0826,Jacket,47.07,494,185,25,Male,High
PRD0827,Jacket,65.39,94,173,53,Male,Low
PRD0828,Jeans,45.68,81,253,46,Male,Low
PRD0829,Sweater,24.88,64,192,59,Other,Low
PRD0830,T-Shirt,96.47,402,58,29,Female,High
PRD0831,Sneakers,105.21,56,142,31,Female,Low
PRD0832,Sweater,98.63,408,172,38,Male,Medium
PRD0833,Dress,77.57,441,107,39,Other,High
PRD0834,Sneakers,66.27,247,89,38,Male,High
PRD0835,Sneakers,131.55,113,216,61,Female,Low
PRD0836,Jacket,85.08,219,7,47,Other,High
PRD0837,T-Shirt,79.69,51,183,56,Male,Low
PRD0838,T-Shirt,18.46,325,42,37,Male,High
PRD0839,Dress,61.07,477,243,41,Other,Medium
PRD0840,Dress,66.33,463,173,40,Female,High
PRD0841,Sneakers,68.84,277,34,24,Other,High
PRD0842,Jeans,93.32,395,194,26,Male,Medium
PRD0843,Jacket,87.04,272,29,18,Male,High
PRD0844,Jacket,97.07,345,116,43,Male,High
PRD0845,Sneakers,118.26,396,210,55,Male,Medium
PRD0846,Sweater,124.75,374,189,55,Female,Medium
PRD0847,Jeans,111.95,268,51,61,Female,High
PRD0848,Sneakers,144.0,292,232,39,Male,Medium
PRD0849,Jeans,17.46,123,43,61,Female,High
PRD0850,nan,41.43,372,20,27,Female,High
PRD0851,Jeans,16.02,49,26,23,Female,Medium
PRD0852,Sneakers,102.41,495,217,34,Male,Medium
PRD0853,Jacket,136.23,426,153,55,Other,High
PRD0854,Jacket,47.87,229,245,41,Other,Low
PRD0855,Jeans,140.15,138,276,27,Other,Low
PRD0856,Sweater,23.14,17,63,25,Male,Low
PRD0857,T-Shirt,141.15,110,291,38,Female,Low
PRD0858,nan,,425,206,23,Female,Medium
PRD0859,T-Shirt,28.69,389,36,38,Male,High
PRD0860,Sweater,80.59,185,166,56,Male,Low
PRD0861,Sneakers,49.66,116,259,41,Other,Low
PRD0862,Jeans,53.46,110,258,50,Other,Low
PRD0863,Jacket,56.48,269,13,35,Male,High
PRD0864,T-Shirt,123.41,487,143,45,Other,High
PRD0865,Dress,87.79,463,14,49,Female,High
PRD0866,Dress,57.03,375,218,29,Male,Medium
PRD0867,Sweater,97.4,255,277,59,Male,Low
PRD0868,Jeans,111.68,284,52,44,Female,High
PRD0869,T-Shirt,51.8,41,115,27,Female,Low
PRD0870,Jeans,70.83,146,157,63,Female,Low
PRD0871,T-Shirt,31.45,21,127,59,Other,Low
PRD0872,Sweater,39.46,404,106,49,Male,High
PRD0873,Sweater,106.95,311,245,59,Other,Medium
PRD0874,nan,39.49,384,195,43,Female,Medium
PRD0875,Jeans,85.9,25,221,42,Other,Low
PRD0876,Sneakers,110.72,138,55,28,Female,High
PRD0877,Dress,29.43,72,296,40,Other,Low
PRD0878,Jeans,91.59,118,85,51,Other,Medium
PRD0879,Dress,49.64,384,92,57,Female,High
PRD0880,Sneakers,145.0,30,198,40,Other,Low
PRD0881,Jacket,80.28,167,108,46,Male,Medium
PRD0882,Jacket,123.81,278,275,48,Other,Low
PRD0883,Jacket,89.28,171,100,24,Other,Medium
PRD0884,Jacket,20.86,269,202,57,Male,Medium
PRD0885,T-Shirt,100.48,421,5,50,Female,High
PRD0886,Jacket,143.44,111,171,38,Male,Low
PRD0887,Sneakers,96.22,232,130,19,Other,Medium
PRD0888,Sweater,125.59,68,85,35,Female,Low
PRD0889,Sweater,134.37,256,255,64,Other,Low
PRD0890,T-Shirt,45.79,137,173,50,Other,Low
PRD0891,Jacket,43.63,292,77,54,Male,High
PRD0892,Jacket,97.48,334,145,51,Male,Medium
PRD0893,nan,70.49,34,74,37,Female,Low
PRD0894,Dress,128.38,140,266,52,Female,Low
PRD0895,Jeans,136.5,362,249,35,Female,Medium
PRD0896,Dress,62.71,205,7,63,Other,High
PRD0897,nan,46.98,290,67,41,Male,High
PRD0898,Jacket,120.37,413,53,25,Male,High
PRD0899,Jacket,52.1,427,80,47,Male,High
PRD0900,Dress,126.05,163,179,61,Female,Low
PRD0901,Dress,,391,113,27,Male,High
PRD0902,Jeans,105.12,142,187,40,Male,Low
PRD0903,Sweater,27.9,236,196,28,Male,Low
PRD0904,Jeans,99.22,198,69,19,Female,High
PRD0905,Dress,75.99,485,275,43,Male,Medium
PRD0906,nan,94.19,486,104,53,Female,High
PRD0907,Dress,37.68,274,36,50,Male,High
PRD0908,Sneakers,114.48,381,132,64,Male,High
PRD0909,T-Shirt,131.48,495,47,30,Male,High
PRD0910,Dress,,443,82,57,Female,High
PRD0911,T-Shirt,27.92,143,293,42,Female,Low
PRD0912,Sweater,18.19,220,274,21,Male,Low
PRD0913,Jeans,101.67,69,166,59,Other,Low
PRD0914,Sneakers,96.96,437,193,36,Female,Medium
PRD0915,Jeans,88.8,386,251,35,Female,Medium
PRD0916,T-Shirt,46.31,404,220,54,Male,Medium
PRD0917,nan,67.77,459,172,47,Other,High
PRD0918,Jeans,,440,197,36,Male,Medium
PRD0919,Dress,82.06,373,287,40,Female,Medium
PRD0920,Jacket,148.35,373,17,33,Female,High
PRD0921,T-Shirt,33.42,466,244,18,Male,Medium
PRD0922,Jeans,108.84,222,151,29,Male,Medium
PRD0923,T-Shirt,69.58,225,208,41,Other,Low
PRD0924,T-Shirt,72.81,235,84,51,Other,High
PRD0925,Sneakers,111.88,479,47,25,Female,High
PRD0926,Sneakers,108.48,140,93,35,Other,Medium
PRD0927,Jacket,148.82,85,152,22,Other,Low
PRD0928,Dress,32.33,485,99,43,Female,High
PRD0929,T-Shirt,29.05,295,155,47,Female,Medium
PRD0930,Jeans,112.79,483,6,30,Female,High
PRD0931,Sweater,,286,26,36,Female,High
PRD0932,T-Shirt,52.01,165,11,46,Male,High
PRD0933,T-Shirt,25.72,257,210,20,Female,Low
PRD0934,Jacket,26.56,227,118,43,Female,Medium
PRD0935,Dress,135.72,199,276,57,Female,Low
PRD0936,Sweater,40.9,426,87,29,Other,High
PRD0937,Sneakers,58.66,478,183,19,Female,High
PRD0938,Sneakers,45.6,172,214,28,Male,Low
PRD0939,Jeans,62.92,189,128,61,Male,Medium
PRD0940,Sweater,24.37,43,117,45,Female,Low
PRD0941,Sneakers,85.07,50,16,35,Male,High
PRD0942,Jeans,24.13,316,130,30,Other,Medium
PRD0943,Dress,123.05,440,57,54,Female,High
PRD0944,Jeans,46.55,347,287,39,Male,Low
PRD0945,Sneakers,87.9,323,144,29,Male,Medium
PRD0946,Jacket,133.81,84,101,19,Female,Low
PRD0947,Jacket,102.87,450,9,54,Male,High
PRD0948,Jacket,86.95,288,61,24,Female,High
PRD0949,Sneakers,58.79,185,73,43,Male,High
PRD0950,Jacket,59.96,393,122,43,Other,High
PRD0951,Sweater,105.38,159,63,41,Male,High
PRD0952,Dress,149.21,282,37,29,Male,High
PRD0953,Jeans,,334,54,33,Female,High
PRD0954,Jeans,90.3,117,23,40,Male,High
PRD0955,Sneakers,113.64,148,218,57,Female,Low
PRD0956,Jacket,77.8,359,201,26,Other,Medium
PRD0957,Jacket,23.12,280,51,49,Female,High
PRD0958,T-Shirt,90.91,356,171,32,Female,Medium
PRD0959,Dress,,428,293,54,Male,Medium
PRD0960,Sweater,38.67,298,145,30,Other,Medium
PRD0961,Jeans,108.15,221,88,22,Female,High
PRD0962,T-Shirt,42.13,390,186,28,Male,Medium
PRD0963,T-Shirt,87.34,281,83,27,Male,High
PRD0964,Sneakers,28.05,427,219,30,Female,Medium
PRD0965,Jeans,75.8,75,18,58,Male,High
PRD0966,Sneakers,117.08,492,219,63,Female,Medium
PRD0967,Sweater,61.92,433,132,32,Female,High
PRD0968,T-Shirt,104.76,257,252,59,Female,Low
PRD0969,T-Shirt,122.39,165,33,24,Other,High
PRD0970,Dress,,56,284,57,Female,Low
PRD0971,Sweater,46.68,432,206,45,Male,Medium
PRD0972,T-Shirt,,463,61,49,Other,High
PRD0973,Sweater,35.58,210,222,52,Male,Low
PRD0974,Jeans,148.99,157,66,32,Other,Medium
PRD0975,Jacket,140.15,133,161,53,Other,Low
PRD0976,T-Shirt,87.89,10,206,38,Other,Low
PRD0977,Dress,128.67,465,21,23,Other,High
PRD0978,Jeans,85.33,256,10,18,Male,High
PRD0979,Sweater,99.18,352,62,21,Female,High
PRD0980,Sneakers,27.03,137,173,28,Male,Low
PRD0981,Jeans,116.96,200,86,61,Female,Medium
PRD0982,T-Shirt,32.24,76,223,43,Male,Low
PRD0983,Sweater,126.52,13,181,54,Other,Low
PRD0984,Jacket,120.57,451,208,40,Other,Medium
PRD0985,nan,110.68,418,75,46,Female,High
PRD0986,T-Shirt,19.88,312,270,38,Female,Low
PRD0987,Dress,55.92,303,102,62,Male,High
PRD0988,Sneakers,50.52,152,295,62,Female,Low
PRD0989,Sweater,63.62,200,212,44,Male,Low
PRD0990,Jeans,26.83,30,6,56,Female,High
PRD0991,Jeans,141.49,236,128,57,Female,Medium
PRD0992,Jacket,89.76,322,284,30,Female,Low
PRD0993,Jacket,56.25,126,78,40,Other,Medium
PRD0994,Dress,68.59,446,170,33,Other,High
PRD0995,Sneakers,75.37,311,26,47,Male,High
PRD0996,Dress,96.08,151,158,21,Female,Low
PRD0997,T-Shirt,84.62,493,299,57,Male,Medium
PRD0998,nan,139.12,469,223,33,Female,Medium
PRD0999,Dress,82.09,410,161,48,Other,High
